{
  "students": [
    {
      "id": 1,
      "serial": "265353",
      "name": "Pitt",
      "firstName": "Brad",
      "courseId": 1,
      "groupId": 0
    },
    {
      "id": 2,
      "serial": "262705",
      "name": "Aniston",
      "firstName": "Jennifer",
      "courseId": 1,
      "groupId": 0
    },
    {
      "id": 3,
      "serial": "269988",
      "name": "McConaughey",
      "firstName": "Matthew",
      "courseId": 0,
      "groupId": 0
    },
    {
      "id": 4,
      "serial": "265588",
      "name": "Stone",
      "firstName": "Emma",
      "courseId": 0,
      "groupId": 0
    },
    {
      "id": 5,
      "serial": "234567",
      "name": "Watson",
      "firstName": "Emma",
      "courseId": 0,
      "groupId": 0
    }
  ],
  "users": [
    {
      "email": "olivier@mail.com",
      "password": "$2a$10$9SFIVF0tDrwRoUlZOo9Q0urEs0cnpBXu9RWGf/TxuHjFzDteQhvDW",
      "id": 1
    }
  ]
}